Conf,l_RMSD,i_RMSD,FNC,CAPRI,Name,Complex,Complex1,Model
1,0.001,0.000,1.000,3,1A22_2_2__1A22_1_1,2,2_2,_1A22
1,0.001,0.000,1.000,3,1A22_2_1__1A22_1_1,1,2_1,_1A22
1,0.001,0.000,1.000,3,1A22_2_1__1A22_2_2,1,2_1,_1A22
1,0.001,0.000,1.000,3,1A22_1_1__1A22_s_1,1,1_1,_1A22
1,0.001,0.000,1.000,3,1A22_2_1__1A22_s_1,1,2_1,_1A22
1,0.001,0.000,1.000,3,1A22_2_2__1A22_s_1,2,2_2,_1A22
1,0.001,0.000,1.000,3,1BP3_1_1__1BP3_s_1,1,1_1,_1BP3
1,0.001,0.000,1.000,3,1C1Y_s_1__1C1Y_1_1,1,s_1,_1C1Y
1,0.000,0.000,1.000,3,1E50_1_1__1E50_s_1,1,1_1,_1E50
1,45.757,16.893,0.000,0,1E50_s_3__1E50_2_1,3,s_3,_1E50
1,0.000,0.000,1.000,3,1E50_4_1__1E50_s_4,1,4_1,_1E50
1,40.569,18.263,0.000,0,1E50_s_2__1E50_s_3,2,s_2,_1E50
1,0.001,0.000,1.000,3,1E50_3_1__1E50_s_3,1,3_1,_1E50
1,45.757,16.893,0.000,0,1E50_3_1__1E50_s_2,1,3_1,_1E50
1,41.814,14.913,0.000,0,1E50_s_4__1E50_2_1,4,s_4,_1E50
1,2.025,5.231,0.957,2,1E50_4_1__1E50_s_3,1,4_1,_1E50
1,45.757,16.893,0.000,0,1E50_3_1__1E50_2_1,1,3_1,_1E50
1,0.001,0.000,1.000,3,1E50_s_2__1E50_2_1,2,s_2,_1E50
1,41.814,14.913,0.000,0,1E50_4_1__1E50_2_1,1,4_1,_1E50
1,41.814,14.913,0.000,0,1E50_4_1__1E50_s_2,1,4_1,_1E50
1,0.001,0.000,1.000,3,1GUA_s_1__1GUA_1_1,1,s_1,_1GUA
1,0.000,0.000,1.000,3,1K8R_s_1__1K8R_1_1,1,s_1,_1K8R
1,0.000,0.000,1.000,3,1KNE_1_1__1KNE_s_1,1,1_1,_1KNE
1,0.001,0.000,1.000,3,1LFD_s_2__1LFD_2_1,2,s_2,_1LFD
1,0.000,0.000,1.000,3,1LFD_s_1__1LFD_1_1,1,s_1,_1LFD
1,1.299,0.396,0.975,3,1LFD_2_1__1LFD_1_1,1,2_1,_1LFD
1,1.299,0.394,0.830,3,1LFD_s_1__1LFD_s_2,1,s_1,_1LFD
1,1.299,0.396,0.975,3,1LFD_s_2__1LFD_1_1,2,s_2,_1LFD
1,1.299,0.394,0.830,3,1LFD_s_1__1LFD_2_1,1,s_1,_1LFD
1,0.000,0.000,1.000,3,2FTL_1_1__2FTL_s_1,1,1_1,_2FTL
1,0.000,0.000,1.000,3,2FTL_3_1__2FTL_2_1,1,3_1,_2FTL
1,0.000,0.000,1.000,3,2FTL_4_2__2FTL_s_1,2,4_2,_2FTL
1,0.000,0.000,1.000,3,2FTL_1_1__2FTL_2_1,1,1_1,_2FTL
1,32.795,11.820,0.000,0,2FTL_1_1__2FTL_5_1,1,1_1,_2FTL
1,0.000,0.000,1.000,3,2FTL_4_1__2FTL_2_4,1,4_1,_2FTL
1,0.000,0.000,1.000,3,2FTL_2_2__2FTL_2_3,2,2_2,_2FTL
1,0.000,0.000,1.000,3,2FTL_3_1__2FTL_s_1,1,3_1,_2FTL
1,0.000,0.000,1.000,3,2FTL_3_2__2FTL_4_2,2,3_2,_2FTL
1,32.795,11.820,0.000,0,2FTL_2_1__2FTL_5_2,1,2_1,_2FTL
1,32.795,11.820,0.000,0,2FTL_3_2__2FTL_5_1,2,3_2,_2FTL
1,0.000,0.000,1.000,3,2FTL_2_1__2FTL_s_1,1,2_1,_2FTL
1,0.000,0.000,1.000,3,2FTL_3_1__2FTL_4_2,1,3_1,_2FTL
1,0.000,0.000,1.000,3,2FTL_3_2__2FTL_2_1,2,3_2,_2FTL
1,32.795,11.820,0.000,0,2FTL_4_1__2FTL_5_1,1,4_1,_2FTL
1,32.795,11.820,0.000,0,2FTL_4_2__2FTL_5_1,2,4_2,_2FTL
1,32.795,11.820,0.000,0,2FTL_1_1__2FTL_5_2,1,1_1,_2FTL
1,0.000,0.000,1.000,3,2FTL_3_2__2FTL_4_1,2,3_2,_2FTL
1,0.000,0.000,1.000,3,2FTL_1_1__2FTL_4_1,1,1_1,_2FTL
1,32.795,11.820,0.000,0,2FTL_3_1__2FTL_5_2,1,3_1,_2FTL
1,32.795,11.820,0.000,0,2FTL_4_1__2FTL_5_2,1,4_1,_2FTL
1,0.000,0.000,1.000,3,2FTL_3_1__2FTL_3_2,1,3_1,_2FTL
1,0.000,0.000,1.000,3,2FTL_5_1__2FTL_5_2,1,5_1,_2FTL
1,32.795,11.820,0.000,0,2FTL_2_1__2FTL_5_1,1,2_1,_2FTL
1,32.795,11.820,0.000,0,2FTL_2_3__2FTL_5_2,3,2_3,_2FTL
1,0.000,0.000,1.000,3,2FTL_4_1__2FTL_s_1,1,4_1,_2FTL
1,32.795,11.820,0.000,0,2FTL_4_2__2FTL_5_2,2,4_2,_2FTL
1,0.000,0.000,1.000,3,2FTL_3_1__2FTL_2_2,1,3_1,_2FTL
1,0.000,0.000,1.000,3,2FTL_2_2__2FTL_2_4,2,2_2,_2FTL
1,0.000,0.000,1.000,3,2FTL_1_1__2FTL_2_2,1,1_1,_2FTL
1,0.000,0.000,1.000,3,2FTL_3_1__2FTL_2_4,1,3_1,_2FTL
1,0.000,0.000,1.000,3,2FTL_1_1__2FTL_3_2,1,1_1,_2FTL
1,0.000,0.000,1.000,3,2FTL_3_2__2FTL_s_1,2,3_2,_2FTL
1,0.000,0.000,1.000,3,2FTL_1_1__2FTL_4_2,1,1_1,_2FTL
1,0.000,0.000,1.000,3,2FTL_2_3__2FTL_2_4,3,2_3,_2FTL
1,0.000,0.000,1.000,3,2FTL_4_2__2FTL_2_2,2,4_2,_2FTL
1,32.795,11.820,0.000,0,2FTL_3_2__2FTL_5_2,2,3_2,_2FTL
1,0.000,0.000,1.000,3,2FTL_2_1__2FTL_2_3,1,2_1,_2FTL
1,0.000,0.000,1.000,3,2FTL_4_1__2FTL_2_2,1,4_1,_2FTL
1,32.795,11.820,0.000,0,2FTL_2_2__2FTL_5_1,2,2_2,_2FTL
1,0.000,0.000,1.000,3,2FTL_1_1__2FTL_2_3,1,1_1,_2FTL
1,0.000,0.000,1.000,3,2FTL_4_1__2FTL_2_1,1,4_1,_2FTL
1,32.795,11.050,0.000,0,2FTL_5_1__2FTL_s_1,1,5_1,_2FTL
1,0.000,0.000,1.000,3,2FTL_2_4__2FTL_s_1,4,2_4,_2FTL
1,0.000,0.000,1.000,3,2FTL_3_2__2FTL_2_3,2,3_2,_2FTL
1,0.000,0.000,1.000,3,2FTL_3_1__2FTL_2_3,1,3_1,_2FTL
1,0.000,0.000,1.000,3,2FTL_2_2__2FTL_s_1,2,2_2,_2FTL
1,32.795,11.820,0.000,0,2FTL_2_4__2FTL_5_1,4,2_4,_2FTL
1,0.000,0.000,1.000,3,2FTL_1_1__2FTL_2_4,1,1_1,_2FTL
1,0.000,0.000,1.000,3,2FTL_3_1__2FTL_4_1,1,3_1,_2FTL
1,32.795,11.820,0.000,0,2FTL_3_1__2FTL_5_1,1,3_1,_2FTL
1,0.000,0.000,1.000,3,2FTL_4_2__2FTL_2_3,2,4_2,_2FTL
1,0.000,0.000,1.000,3,2FTL_4_2__2FTL_2_4,2,4_2,_2FTL
1,0.000,0.000,1.000,3,2FTL_4_1__2FTL_2_3,1,4_1,_2FTL
1,0.000,0.000,1.000,3,2FTL_3_2__2FTL_2_4,2,3_2,_2FTL
1,0.000,0.000,1.000,3,2FTL_2_3__2FTL_s_1,3,2_3,_2FTL
1,0.000,0.000,1.000,3,2FTL_3_2__2FTL_2_2,2,3_2,_2FTL
1,32.795,11.820,0.000,0,2FTL_2_4__2FTL_5_2,4,2_4,_2FTL
1,0.000,0.000,1.000,3,2FTL_4_2__2FTL_2_1,2,4_2,_2FTL
1,0.000,0.000,1.000,3,2FTL_4_1__2FTL_4_2,1,4_1,_2FTL
1,0.000,0.000,1.000,3,2FTL_1_1__2FTL_3_1,1,1_1,_2FTL
1,32.795,11.050,0.000,0,2FTL_5_2__2FTL_s_1,2,5_2,_2FTL
1,0.000,0.000,1.000,3,2FTL_2_1__2FTL_2_2,1,2_1,_2FTL
1,32.795,11.820,0.000,0,2FTL_2_3__2FTL_5_1,3,2_3,_2FTL
1,32.795,11.820,0.000,0,2FTL_2_2__2FTL_5_2,2,2_2,_2FTL
1,0.000,0.000,1.000,3,2FTL_2_1__2FTL_2_4,1,2_1,_2FTL
1,0.000,0.000,1.000,3,3EQS_s_1__3EQS_2_1,1,s_1,_3EQS
1,0.000,0.000,1.000,3,3EQS_s_1__3EQS_1_1,1,s_1,_3EQS
1,0.000,0.000,1.000,3,3EQS_2_1__3EQS_1_1,1,2_1,_3EQS
1,0.000,0.000,1.000,3,3EQS_2_1__3EQS_1_2,1,2_1,_3EQS
1,0.000,0.000,1.000,3,3EQS_s_1__3EQS_1_2,1,s_1,_3EQS
1,0.000,0.000,1.000,3,3EQS_1_1__3EQS_1_2,1,1_1,_3EQS
1,0.001,0.000,1.000,3,3EQY_s_2__3EQY_2_1,2,s_2,_3EQY
1,0.022,0.016,1.000,3,3EQY_s_1__3EQY_2_1,1,s_1,_3EQY
1,0.022,0.016,1.000,3,3EQY_s_2__3EQY_1_1,2,s_2,_3EQY
1,0.022,0.016,1.000,3,3EQY_s_1__3EQY_s_2,1,s_1,_3EQY
1,0.022,0.016,1.000,3,3EQY_1_1__3EQY_2_1,1,1_1,_3EQY
1,0.001,0.000,1.000,3,3EQY_s_1__3EQY_1_1,1,s_1,_3EQY
1,0.000,0.000,1.000,3,3M62_1_1__3M62_s_1,1,1_1,_3M62
1,0.000,0.000,1.000,3,3M63_1_1__3M63_s_1,1,1_1,_3M63
1,0.001,0.000,1.000,3,3MZG_1_1__3MZG_s_1,1,1_1,_3MZG
1,0.000,0.000,1.000,3,3Q8D_1_1__3Q8D_s_1,1,1_1,_3Q8D
1,0.830,0.579,0.867,3,3Q8D_s_1__3Q8D_s_2,1,s_1,_3Q8D
1,0.000,0.000,1.000,3,3Q8D_s_2__3Q8D_2_1,2,s_2,_3Q8D
1,0.830,0.579,0.867,3,3Q8D_1_1__3Q8D_2_1,1,1_1,_3Q8D
1,0.830,0.579,0.867,3,3Q8D_s_1__3Q8D_2_1,1,s_1,_3Q8D
1,0.830,0.579,0.867,3,3Q8D_1_1__3Q8D_s_2,1,1_1,_3Q8D
1,0.001,0.000,1.000,3,3S9D_s_2__3S9D_2_1,2,s_2,_3S9D
1,0.001,0.000,0.983,3,3S9D_s_1__3S9D_1_1,1,s_1,_3S9D
1,0.001,0.000,1.000,3,4BFI_1_1__4BFI_s_1,1,1_1,_4BFI
1,0.001,0.000,1.000,3,4G0N_s_1__4G0N_1_1,1,s_1,_4G0N
1,1.681,0.223,1.000,3,4OFY_3_1__4OFY_s_2,1,3_1,_4OFY
1,1.943,5.867,1.000,2,4OFY_3_1__4OFY_1_1,1,3_1,_4OFY
1,1.680,0.223,0.915,3,4OFY_2_1__4OFY_s_3,1,2_1,_4OFY
1,1.005,5.869,0.947,2,4OFY_2_1__4OFY_1_1,1,2_1,_4OFY
1,1.943,5.867,1.000,2,4OFY_3_1__4OFY_s_1,1,3_1,_4OFY
1,1.005,0.165,1.000,3,4OFY_1_1__4OFY_s_2,1,1_1,_4OFY
1,1.005,5.869,0.947,2,4OFY_2_1__4OFY_s_1,1,2_1,_4OFY
1,1.943,0.210,0.966,3,4OFY_1_1__4OFY_s_3,1,1_1,_4OFY
1,0.001,0.000,1.000,3,4OFY_3_1__4OFY_s_3,1,3_1,_4OFY
1,1.680,0.223,0.915,3,4OFY_2_1__4OFY_3_1,1,2_1,_4OFY
1,1.680,0.223,0.915,3,4OFY_s_2__4OFY_s_3,2,s_2,_4OFY
1,1.005,0.165,1.000,3,4OFY_s_1__4OFY_s_2,1,s_1,_4OFY
1,0.000,0.000,1.000,3,4OFY_1_1__4OFY_s_1,1,1_1,_4OFY
1,1.943,0.210,0.966,3,4OFY_s_1__4OFY_s_3,1,s_1,_4OFY
1,0.000,0.000,1.000,3,4OFY_2_1__4OFY_s_2,1,2_1,_4OFY
1,0.001,0.000,1.000,3,4RS1_1_1__4RS1_s_1,1,1_1,_4RS1
1,0.000,0.000,1.000,3,5F4E_s_1__5F4E_1_1,1,s_1,_5F4E
1,0.001,0.000,1.000,3,5M2O_s_1__5M2O_1_1,1,s_1,_5M2O
