,Ele,Desolv,VDW,Total,RMSD,Name
28,-7.6,-10.89,-113.713,-29.862,0.015,1E50_4_1__1E50_s_4
8,-2.004,-10.005,-102.319,-22.241,0.016,1E50_3_1__1E50_s_3
38,-5.017,5.537,-39.338,-3.413,0.019,1KNE_1_1__1KNE_s_1
37,-26.857,23.18,-50.332,-8.711,0.022,1K8R_s_1__1K8R_1_1
155,-41.773,13.271,-119.304,-40.433,0.026,4RS1_1_1__4RS1_s_1
124,-13.501,-1.756,-51.244,-20.381,0.03,3M63_1_1__3M63_s_1
17,-3.274,-10.752,-102.513,-24.277,0.032,1E50_s_2__1E50_2_1
123,-25.887,-4.543,-60.835,-36.513,0.035,3M62_1_1__3M62_s_1
125,-23.755,-14.763,-144.629,-52.981,0.037,3MZG_1_1__3MZG_s_1
13,-6.391,-9.779,-107.933,-26.964,0.037,1E50_1_1__1E50_s_1
156,-9.346,-9.172,-109.105,-29.428,0.038,5F4E_s_1__5F4E_1_1
42,-16.739,15.939,-73.444,-8.144,0.044,1LFD_s_1__1LFD_1_1
49,-2.697,-1.334,-100.324,-14.064,0.046,2FTL_4_2__2FTL_s_1
94,-2.697,-1.335,-100.324,-14.064,0.046,2FTL_2_2__2FTL_s_1
81,-2.697,-1.335,-100.324,-14.064,0.046,2FTL_3_2__2FTL_s_1
71,-2.697,-1.334,-100.324,-14.064,0.046,2FTL_2_4__2FTL_s_1
70,-2.697,-1.334,-100.324,-14.064,0.046,2FTL_1_1__2FTL_s_1
52,-2.697,-1.334,-100.324,-14.064,0.046,2FTL_2_1__2FTL_s_1
109,-2.697,-1.334,-100.324,-14.064,0.046,2FTL_4_1__2FTL_s_1
102,-2.697,-1.334,-100.324,-14.064,0.046,2FTL_3_1__2FTL_s_1
100,-2.697,-1.334,-100.324,-14.064,0.046,2FTL_2_3__2FTL_s_1
41,-18.417,18.512,-74.488,-7.354,0.047,1LFD_s_2__1LFD_2_1
133,-9.746,-9.209,-91.565,-28.111,0.055,3S9D_s_1__3S9D_1_1
4,-31.32,-10.905,-163.937,-58.618,0.06,1A22_2_2__1A22_s_1
138,-13.827,-3.167,-101.319,-27.126,0.06,4BFI_1_1__4BFI_s_1
157,-13.596,7.834,-107.813,-16.543,0.06,5M2O_s_1__5M2O_1_1
0,-31.32,-10.903,-163.937,-58.616,0.06,1A22_1_1__1A22_s_1
5,-31.32,-10.903,-163.937,-58.616,0.06,1A22_2_1__1A22_s_1
137,-22.285,-9.594,-102.175,-42.097,0.062,3S9D_s_2__3S9D_2_1
142,-17.509,-13.299,-69.644,-37.773,0.066,4OFY_3_1__4OFY_s_3
144,-17.697,-15.358,-72.199,-40.275,0.067,4OFY_2_1__4OFY_s_2
152,-18.288,-14.588,-71.545,-40.031,0.074,4OFY_1_1__4OFY_s_1
6,-26.832,-15.631,-126.855,-55.149,0.076,1BP3_1_1__1BP3_s_1
139,-37.813,19.649,-63.566,-24.521,0.089,4G0N_s_1__4G0N_1_1
7,-28.947,18.962,-69.294,-16.914,0.089,1C1Y_s_1__1C1Y_1_1
36,-33.593,20.106,-75.923,-21.08,0.092,1GUA_s_1__1GUA_1_1
118,-2.665,-40.088,-67.802,-49.533,0.098,3EQY_s_2__3EQY_1_1
116,-3.948,-40.805,-69.336,-51.687,0.101,3EQS_s_1__3EQS_1_2
111,-3.948,-40.805,-69.336,-51.687,0.101,3EQS_s_1__3EQS_1_1
114,-3.948,-40.805,-69.336,-51.687,0.101,3EQS_s_1__3EQS_2_1
117,-2.665,-40.088,-67.802,-49.533,0.102,3EQY_s_2__3EQY_2_1
119,-3.327,-39.792,-68.656,-49.985,0.104,3EQY_s_1__3EQY_1_1
121,-3.327,-39.792,-68.656,-49.985,0.113,3EQY_s_1__3EQY_2_1
120,-3.327,-39.792,-68.656,-49.985,0.113,3EQY_s_1__3EQY_s_2
130,10.092,-15.501,-19.464,-7.355,0.122,3Q8D_1_1__3Q8D_s_1
128,8.807,-14.633,-27.84,-8.61,0.129,3Q8D_s_2__3Q8D_2_1
132,-22.285,-9.594,-102.175,-42.097,0.588,3S9D_s_2__3S9D_1_1
135,-9.746,-9.209,-91.565,-28.111,0.622,3S9D_s_1__3S9D_2_1
134,-9.746,-9.209,-91.565,-28.111,0.622,3S9D_s_1__3S9D_s_2
127,10.092,-15.501,-19.464,-7.355,0.748,3Q8D_1_1__3Q8D_s_2
131,10.092,-15.501,-19.464,-7.355,0.748,3Q8D_s_1__3Q8D_s_2
129,10.092,-15.501,-19.464,-7.355,0.748,3Q8D_s_1__3Q8D_2_1
148,-18.288,-14.588,-71.545,-40.031,0.994,4OFY_1_1__4OFY_s_2
150,-18.288,-14.588,-71.545,-40.031,0.994,4OFY_s_1__4OFY_s_2
143,-17.697,-15.358,-72.199,-40.275,1.018,4OFY_2_1__4OFY_s_1
39,-16.739,15.939,-73.444,-8.144,1.294,1LFD_s_1__1LFD_s_2
44,-16.739,15.939,-73.444,-8.144,1.294,1LFD_s_1__1LFD_2_1
33,-6.391,-9.779,-107.933,-26.964,1.304,1E50_1_1__1E50_s_2
23,-6.391,-9.779,-107.933,-26.964,1.304,1E50_s_1__1E50_s_2
25,-6.391,-9.779,-107.933,-26.964,1.304,1E50_s_1__1E50_2_1
40,-18.417,18.512,-74.488,-7.354,1.308,1LFD_s_2__1LFD_1_1
141,-17.509,-13.299,-69.644,-37.773,1.663,4OFY_3_1__4OFY_s_2
147,-17.697,-15.358,-72.199,-40.275,1.702,4OFY_s_2__4OFY_s_3
140,-17.697,-15.358,-72.199,-40.275,1.702,4OFY_2_1__4OFY_s_3
151,-17.509,-13.299,-69.644,-37.773,1.933,4OFY_3_1__4OFY_s_1
149,-18.288,-14.588,-71.545,-40.031,1.958,4OFY_1_1__4OFY_s_3
154,-18.288,-14.588,-71.545,-40.031,1.958,4OFY_s_1__4OFY_s_3
